INSERT INTO `Person` (`birthDate`,`address`,`contact`,`name`) VALUES ("12-22-00","Ap #588-626 Cursus Street","931470229","Aristotle Dominguez");
INSERT INTO `Person` (`birthDate`,`address`,`contact`,`name`) VALUES ("10-30-91","665-9008 Mi St.","964322581","Naomi Wallace");
INSERT INTO `Person` (`birthDate`,`address`,`contact`,`name`) VALUES ("08-07-98","Ap #879-2555 Id Rd.","939717203","Declan Jennings");
INSERT INTO `Person` (`birthDate`,`address`,`contact`,`name`) VALUES ("09-21-00","Ap #227-6515 Congue, Street","964933818","Remedios Norton");
INSERT INTO `Person` (`birthDate`,`address`,`contact`,`name`) VALUES ("04-11-91","495-8685 Ornare. Ave","918077001","Kato Baker");
INSERT INTO `Person` (`birthDate`,`address`,`contact`,`name`) VALUES ("11-21-94","Ap #104-2323 Neque. St.","928270427","Prescott Baker");
INSERT INTO `Person` (`birthDate`,`address`,`contact`,`name`) VALUES ("09-08-96","964-1342 Eu St.","914945491","Hilda Middleton");
INSERT INTO `Person` (`birthDate`,`address`,`contact`,`name`) VALUES ("04-01-99","P.O. Box 787, 339 Posuere Avenue","923966207","Kim Singleton");
INSERT INTO `Person` (`birthDate`,`address`,`contact`,`name`) VALUES ("09-22-91","3156 Molestie Rd.","936564831","Sloane Smith");
INSERT INTO `Person` (`birthDate`,`address`,`contact`,`name`) VALUES ("07-10-98","Ap #757-2321 Phasellus Ave","969246042","Colorado Barrett");
INSERT INTO `Person` (`birthDate`,`address`,`contact`,`name`) VALUES ("10-15-94","509-7503 Nec Avenue","928818366","Quail Glenn");
INSERT INTO `Person` (`birthDate`,`address`,`contact`,`name`) VALUES ("06-23-93","5218 Velit Ave","968217227","Debra Russo");
INSERT INTO `Person` (`birthDate`,`address`,`contact`,`name`) VALUES ("04-20-96","Ap #874-8012 Ac Avenue","923707395","Daquan Hoffman");
INSERT INTO `Person` (`birthDate`,`address`,`contact`,`name`) VALUES ("07-07-95","P.O. Box 171, 7257 Eget Av.","921172786","Lesley Mckinney");
INSERT INTO `Person` (`birthDate`,`address`,`contact`,`name`) VALUES ("11-20-90","7767 Cursus Street","932890114","Norman Blevins");
INSERT INTO `Person` (`birthDate`,`address`,`contact`,`name`) VALUES ("11-11-94","4025 Quis St.","927391705","Thomas Slater");
INSERT INTO `Person` (`birthDate`,`address`,`contact`,`name`) VALUES ("01-11-94","P.O. Box 636, 6792 Integer Av.","914920181","Evan Savage");
INSERT INTO `Person` (`birthDate`,`address`,`contact`,`name`) VALUES ("05-01-98","Ap #124-8781 Est Avenue","918731460","Phillip Fletcher");
INSERT INTO `Person` (`birthDate`,`address`,`contact`,`name`) VALUES ("02-11-90","Ap #676-5308 Suspendisse Rd.","932696079","Plato Grimes");
INSERT INTO `Person` (`birthDate`,`address`,`contact`,`name`) VALUES ("11-25-96","P.O. Box 621, 8688 Augue Ave","935988638","Uriel Schwartz");
INSERT INTO `Person` (`birthDate`,`address`,`contact`,`name`) VALUES ("02-06-00","Ap #907-6007 Tincidunt. St.","933176162","Jerry Rutledge");
INSERT INTO `Person` (`birthDate`,`address`,`contact`,`name`) VALUES ("04-13-92","960-7604 Mauris Rd.","925460301","Valentine May");
INSERT INTO `Person` (`birthDate`,`address`,`contact`,`name`) VALUES ("07-09-92","Ap #489-9451 Mi. Street","928745173","Noah Holloway");
INSERT INTO `Person` (`birthDate`,`address`,`contact`,`name`) VALUES ("02-06-91","681-4664 Magna Ave","927846695","Nolan Camacho");
INSERT INTO `Person` (`birthDate`,`address`,`contact`,`name`) VALUES ("08-02-96","606-1310 Vivamus Road","927382381","Laura Tyler");
INSERT INTO `Person` (`birthDate`,`address`,`contact`,`name`) VALUES ("07-09-97","2212 Commodo Av.","928352396","Ryan Hansen");
INSERT INTO `Person` (`birthDate`,`address`,`contact`,`name`) VALUES ("12-29-97","7503 Ut St.","923301518","Jolie Lang");
INSERT INTO `Person` (`birthDate`,`address`,`contact`,`name`) VALUES ("04-01-91","185 Odio St.","932963204","Aidan Rojas");
INSERT INTO `Person` (`birthDate`,`address`,`contact`,`name`) VALUES ("05-21-91","8288 Varius St.","964626571","Armando Sawyer");
INSERT INTO `Person` (`birthDate`,`address`,`contact`,`name`) VALUES ("07-31-99","Ap #269-668 Et Street","964980044","Dorian Stewart");
INSERT INTO `Person` (`birthDate`,`address`,`contact`,`name`) VALUES ("12-03-99","2370 Eu Road","918109384","Britanney Manning");
INSERT INTO `Person` (`birthDate`,`address`,`contact`,`name`) VALUES ("09-18-92","777 Amet, Avenue","922303188","Tarik Simon");
INSERT INTO `Person` (`birthDate`,`address`,`contact`,`name`) VALUES ("11-22-94","P.O. Box 165, 4063 Nibh Rd.","931615860","Larissa Alford");
INSERT INTO `Person` (`birthDate`,`address`,`contact`,`name`) VALUES ("04-23-90","Ap #697-8533 In Av.","927237013","Kelly Humphrey");
INSERT INTO `Person` (`birthDate`,`address`,`contact`,`name`) VALUES ("04-15-94","1395 A Avenue","965256103","Briar Goodwin");
INSERT INTO `Person` (`birthDate`,`address`,`contact`,`name`) VALUES ("11-24-95","534-6722 Donec Street","966896700","Laura Sargent");
INSERT INTO `Person` (`birthDate`,`address`,`contact`,`name`) VALUES ("06-28-91","Ap #495-713 Mauris Street","932454109","Finn Fry");
INSERT INTO `Person` (`birthDate`,`address`,`contact`,`name`) VALUES ("01-04-99","202-7463 Euismod Road","929313741","Brent Roy");
INSERT INTO `Person` (`birthDate`,`address`,`contact`,`name`) VALUES ("05-08-96","P.O. Box 902, 6310 Semper. Rd.","910973267","Len Houston");
INSERT INTO `Person` (`birthDate`,`address`,`contact`,`name`) VALUES ("01-19-99","P.O. Box 967, 8840 In Rd.","963385824","Nichole Kent");
INSERT INTO `Person` (`birthDate`,`address`,`contact`,`name`) VALUES ("10-21-99","319-585 Fusce Street","927419318","Gray Porter");
INSERT INTO `Person` (`birthDate`,`address`,`contact`,`name`) VALUES ("12-05-92","Ap #666-8712 Lacus Rd.","962767389","Lawrence Grant");
INSERT INTO `Person` (`birthDate`,`address`,`contact`,`name`) VALUES ("01-13-93","466-6951 Cursus Rd.","910428630","Arden Le");
INSERT INTO `Person` (`birthDate`,`address`,`contact`,`name`) VALUES ("05-22-99","229 Eu Street","915551260","Calvin Lowery");
INSERT INTO `Person` (`birthDate`,`address`,`contact`,`name`) VALUES ("05-21-99","Ap #565-1825 Semper Ave","937900164","Burton Valencia");
INSERT INTO `Person` (`birthDate`,`address`,`contact`,`name`) VALUES ("11-29-98","Ap #628-5887 Vehicula St.","963887543","Regina Santiago");
INSERT INTO `Person` (`birthDate`,`address`,`contact`,`name`) VALUES ("01-01-00","2941 Ac St.","969174203","Guy Mcgowan");
INSERT INTO `Person` (`birthDate`,`address`,`contact`,`name`) VALUES ("02-25-98","2043 Natoque St.","917925816","Lillian Bradford");
INSERT INTO `Person` (`birthDate`,`address`,`contact`,`name`) VALUES ("08-05-93","P.O. Box 640, 8465 Mattis Rd.","916596312","Lois Munoz");
INSERT INTO `Person` (`birthDate`,`address`,`contact`,`name`) VALUES ("12-01-98","1704 Et, Ave","960891136","Carter Oneal");


INSERT INTO `Student` (`id`,`studentCycle`,`studentNumber`,`alumni`) VALUES (1,"MIEMM",201884680,1);
INSERT INTO `Student` (`id`,`studentCycle`,`studentNumber`,`alumni`) VALUES (2,"ANIME",200923737,0);
INSERT INTO `Student` (`id`,`studentCycle`,`studentNumber`,`alumni`) VALUES (3,"MECC",201327774,1);
INSERT INTO `Student` (`id`,`studentCycle`,`studentNumber`,`alumni`) VALUES (4,"MEMG",201488488,0);
INSERT INTO `Student` (`id`,`studentCycle`,`studentNumber`,`alumni`) VALUES (5,"MIEA",201730661,1);
INSERT INTO `Student` (`id`,`studentCycle`,`studentNumber`,`alumni`) VALUES (6,"MIEMM",201775021,1);
INSERT INTO `Student` (`id`,`studentCycle`,`studentNumber`,`alumni`) VALUES (7,"GEOGR",200954704,0);
INSERT INTO `Student` (`id`,`studentCycle`,`studentNumber`,`alumni`) VALUES (8,"MIEIC",201118702,0);
INSERT INTO `Student` (`id`,`studentCycle`,`studentNumber`,`alumni`) VALUES (9,"MIEA",201271982,0);
INSERT INTO `Student` (`id`,`studentCycle`,`studentNumber`,`alumni`) VALUES (10,"MIEA",201195630,0);
INSERT INTO `Student` (`id`,`studentCycle`,`studentNumber`,`alumni`) VALUES (11,"MMUS",201800632,1);
INSERT INTO `Student` (`id`,`studentCycle`,`studentNumber`,`alumni`) VALUES (12,"MECC",200956849,1);
INSERT INTO `Student` (`id`,`studentCycle`,`studentNumber`,`alumni`) VALUES (13,"MMIPA",200933030,0);
INSERT INTO `Student` (`id`,`studentCycle`,`studentNumber`,`alumni`) VALUES (14,"ANIME",201139283,0);
INSERT INTO `Student` (`id`,`studentCycle`,`studentNumber`,`alumni`) VALUES (15,"MECC",201120914,0);
INSERT INTO `Student` (`id`,`studentCycle`,`studentNumber`,`alumni`) VALUES (16,"SIBA",201849836,0);
INSERT INTO `Student` (`id`,`studentCycle`,`studentNumber`,`alumni`) VALUES (17,"PDPSI",201877395,1);
INSERT INTO `Student` (`id`,`studentCycle`,`studentNumber`,`alumni`) VALUES (18,"ANIME",201704440,1);
INSERT INTO `Student` (`id`,`studentCycle`,`studentNumber`,`alumni`) VALUES (19,"SIBA",201327042,1);
INSERT INTO `Student` (`id`,`studentCycle`,`studentNumber`,`alumni`) VALUES (20,"MIEMM",201561898,0);
INSERT INTO `Student` (`id`,`studentCycle`,`studentNumber`,`alumni`) VALUES (21,"MIEA",201524749,1);
INSERT INTO `Student` (`id`,`studentCycle`,`studentNumber`,`alumni`) VALUES (22,"ANIME",201568472,0);
INSERT INTO `Student` (`id`,`studentCycle`,`studentNumber`,`alumni`) VALUES (23,"MEMG",201237915,1);
INSERT INTO `Student` (`id`,`studentCycle`,`studentNumber`,`alumni`) VALUES (24,"MECC",201498453,0);
INSERT INTO `Student` (`id`,`studentCycle`,`studentNumber`,`alumni`) VALUES (25,"MMIPA",201586547,1);
INSERT INTO `Student` (`id`,`studentCycle`,`studentNumber`,`alumni`) VALUES (26,"MIARQ",201857478,1);
INSERT INTO `Student` (`id`,`studentCycle`,`studentNumber`,`alumni`) VALUES (27,"MMUS",201413722,1);
INSERT INTO `Student` (`id`,`studentCycle`,`studentNumber`,`alumni`) VALUES (28,"MIEMM",201556364,1);
INSERT INTO `Student` (`id`,`studentCycle`,`studentNumber`,`alumni`) VALUES (29,"MHMR",201430151,1);
INSERT INTO `Student` (`id`,`studentCycle`,`studentNumber`,`alumni`) VALUES (30,"MPPU",201500451,1);
INSERT INTO `Student` (`id`,`studentCycle`,`studentNumber`,`alumni`) VALUES (31,"MLPMC",201177603,0);
INSERT INTO `Student` (`id`,`studentCycle`,`studentNumber`,`alumni`) VALUES (32,"MIARQ",201111538,1);
INSERT INTO `Student` (`id`,`studentCycle`,`studentNumber`,`alumni`) VALUES (33,"SIBA",201722088,1);
INSERT INTO `Student` (`id`,`studentCycle`,`studentNumber`,`alumni`) VALUES (34,"PDPSI",201517154,1);
INSERT INTO `Student` (`id`,`studentCycle`,`studentNumber`,`alumni`) VALUES (35,"MIEIC",201755375,1);
INSERT INTO `Student` (`id`,`studentCycle`,`studentNumber`,`alumni`) VALUES (36,"MMIPA",201293872,1);
INSERT INTO `Student` (`id`,`studentCycle`,`studentNumber`,`alumni`) VALUES (37,"MEMG",201577338,0);
INSERT INTO `Student` (`id`,`studentCycle`,`studentNumber`,`alumni`) VALUES (38,"MEMG",201798733,1);
INSERT INTO `Student` (`id`,`studentCycle`,`studentNumber`,`alumni`) VALUES (39,"MIARQ",201779379,1);
INSERT INTO `Student` (`id`,`studentCycle`,`studentNumber`,`alumni`) VALUES (40,"MMUS",201236610,0);


INSERT INTO `NonStudent` (`id`,`occupation`) VALUES (40,"Advertising");
INSERT INTO `NonStudent` (`id`,`occupation`) VALUES (41,"Legal Department");
INSERT INTO `NonStudent` (`id`,`occupation`) VALUES (42,"Quality Assurance");
INSERT INTO `NonStudent` (`id`,`occupation`) VALUES (43,"Accounting");
INSERT INTO `NonStudent` (`id`,`occupation`) VALUES (44,"Customer Service");
INSERT INTO `NonStudent` (`id`,`occupation`) VALUES (45,"Sales and Marketing");
INSERT INTO `NonStudent` (`id`,`occupation`) VALUES (46,"Finances");
INSERT INTO `NonStudent` (`id`,`occupation`) VALUES (47,"Sales and Marketing");
INSERT INTO `NonStudent` (`id`,`occupation`) VALUES (48,"Advertising");
INSERT INTO `NonStudent` (`id`,`occupation`) VALUES (49,"Customer Service");
INSERT INTO `NonStudent` (`id`,`occupation`) VALUES (50,"Finances");


INSERT INTO `University` (`name`,`foundationDate`) VALUES ("Universidade Europeia de Lisboa","05-26-39");
INSERT INTO `University` (`name`,`foundationDate`) VALUES ("Escola Superior Artística do Porto","11-23-15");
INSERT INTO `University` (`name`,`foundationDate`) VALUES ("Escola Superior de Educação de João de Deus","08-27-20");
INSERT INTO `University` (`name`,`foundationDate`) VALUES ("Instituto Superior de Comunicação Empresarial","06-19-52");
INSERT INTO `University` (`name`,`foundationDate`) VALUES ("Universidade de Aveiro","02-03-65");
INSERT INTO `University` (`name`,`foundationDate`) VALUES ("Universidade do Porto","04-20-92");
INSERT INTO `University` (`name`,`foundationDate`) VALUES ("Universidade de Coimbra","08-12-97");
INSERT INTO `University` (`name`,`foundationDate`) VALUES ("Universidade Católica do Porto","10-03-88");
INSERT INTO `University` (`name`,`foundationDate`) VALUES ("Instituto Superior Manuel Teixeira Gomes","11-30-46");
INSERT INTO `University` (`name`,`foundationDate`) VALUES ("Instituto Piaget","07-28-22");
INSERT INTO `University` (`name`,`foundationDate`) VALUES ("Instituto Superior da Maia","02-10-35");

INSERT INTO `Frequent` (`person`,`university`) VALUES (1,5);
INSERT INTO `Frequent` (`person`,`university`) VALUES (2,10);
INSERT INTO `Frequent` (`person`,`university`) VALUES (3,1);
INSERT INTO `Frequent` (`person`,`university`) VALUES (4,5);
INSERT INTO `Frequent` (`person`,`university`) VALUES (5,1);
INSERT INTO `Frequent` (`person`,`university`) VALUES (6,2);
INSERT INTO `Frequent` (`person`,`university`) VALUES (7,7);
INSERT INTO `Frequent` (`person`,`university`) VALUES (8,10);
INSERT INTO `Frequent` (`person`,`university`) VALUES (9,6);
INSERT INTO `Frequent` (`person`,`university`) VALUES (10,7);
INSERT INTO `Frequent` (`person`,`university`) VALUES (11,9);
INSERT INTO `Frequent` (`person`,`university`) VALUES (12,7);
INSERT INTO `Frequent` (`person`,`university`) VALUES (13,2);
INSERT INTO `Frequent` (`person`,`university`) VALUES (14,8);
INSERT INTO `Frequent` (`person`,`university`) VALUES (15,10);
INSERT INTO `Frequent` (`person`,`university`) VALUES (16,9);
INSERT INTO `Frequent` (`person`,`university`) VALUES (17,5);
INSERT INTO `Frequent` (`person`,`university`) VALUES (18,8);
INSERT INTO `Frequent` (`person`,`university`) VALUES (19,5);
INSERT INTO `Frequent` (`person`,`university`) VALUES (20,3);
INSERT INTO `Frequent` (`person`,`university`) VALUES (21,1);
INSERT INTO `Frequent` (`person`,`university`) VALUES (22,3);
INSERT INTO `Frequent` (`person`,`university`) VALUES (23,10);
INSERT INTO `Frequent` (`person`,`university`) VALUES (24,6);
INSERT INTO `Frequent` (`person`,`university`) VALUES (25,8);
INSERT INTO `Frequent` (`person`,`university`) VALUES (26,7);
INSERT INTO `Frequent` (`person`,`university`) VALUES (27,7);
INSERT INTO `Frequent` (`person`,`university`) VALUES (28,7);
INSERT INTO `Frequent` (`person`,`university`) VALUES (29,5);
INSERT INTO `Frequent` (`person`,`university`) VALUES (30,10);
INSERT INTO `Frequent` (`person`,`university`) VALUES (31,2);
INSERT INTO `Frequent` (`person`,`university`) VALUES (32,9);
INSERT INTO `Frequent` (`person`,`university`) VALUES (33,7);
INSERT INTO `Frequent` (`person`,`university`) VALUES (34,8);
INSERT INTO `Frequent` (`person`,`university`) VALUES (35,10);
INSERT INTO `Frequent` (`person`,`university`) VALUES (36,2);
INSERT INTO `Frequent` (`person`,`university`) VALUES (37,7);
INSERT INTO `Frequent` (`person`,`university`) VALUES (38,1);
INSERT INTO `Frequent` (`person`,`university`) VALUES (39,3);
INSERT INTO `Frequent` (`person`,`university`) VALUES (40,6);

INSERT INTO `Society` (`name`,`university`) VALUES ("SdDUL",1);
INSERT INTO `Society` (`name`,`university`) VALUES ("SDESAP",3);
INSERT INTO `Society` (`name`,`university`) VALUES ("SDISCE",4);
INSERT INTO `Society` (`name`,`university`) VALUES ("SdDUA",5);
INSERT INTO `Society` (`name`,`university`) VALUES ("SdDUP",6);
INSERT INTO `Society` (`name`,`university`) VALUES ("SDUC",7);
INSERT INTO `Society` (`name`,`university`) VALUES ("SdDUCP",8);
INSERT INTO `Society` (`name`,`university`) VALUES ("SdDIP",9);
INSERT INTO `Society` (`name`,`university`) VALUES ("SDISM",10);

INSERT INTO `Team` (`name`,`person1`,`person2`,`points`) VALUES ("odio. Nam interdum",35,45,10);
INSERT INTO `Team` (`name`,`person1`,`person2`,`points`) VALUES ("est ac",36,14,8);
INSERT INTO `Team` (`name`,`person1`,`person2`,`points`) VALUES ("vitae, sodales at,",6,39,1);
INSERT INTO `Team` (`name`,`person1`,`person2`,`points`) VALUES ("dis parturient",37,5,13);
INSERT INTO `Team` (`name`,`person1`,`person2`,`points`) VALUES ("turpis. Aliquam",30,20,3);
INSERT INTO `Team` (`name`,`person1`,`person2`,`points`) VALUES ("a, facilisis",15,38,13);
INSERT INTO `Team` (`name`,`person1`,`person2`,`points`) VALUES ("Class aptent taciti sociosqu",50,30,12);
INSERT INTO `Team` (`name`,`person1`,`person2`,`points`) VALUES ("Aliquam erat volutpat.",13,10,0);
INSERT INTO `Team` (`name`,`person1`,`person2`,`points`) VALUES ("mollis",4,3,0);
INSERT INTO `Team` (`name`,`person1`,`person2`,`points`) VALUES ("sed dictum eleifend, nunc",24,16,0);
INSERT INTO `Team` (`name`,`person1`,`person2`,`points`) VALUES ("sapien. Cras dolor dolor,",12,44,9);
INSERT INTO `Team` (`name`,`person1`,`person2`,`points`) VALUES ("pharetra. Quisque",5,7,8);
INSERT INTO `Team` (`name`,`person1`,`person2`,`points`) VALUES ("amet ante. Vivamus non",42,50,6);
INSERT INTO `Team` (`name`,`person1`,`person2`,`points`) VALUES ("per inceptos",47,17,12);
INSERT INTO `Team` (`name`,`person1`,`person2`,`points`) VALUES ("ut eros non enim",4,20,6);
INSERT INTO `Team` (`name`,`person1`,`person2`,`points`) VALUES ("netus et malesuada",42,45,13);
INSERT INTO `Team` (`name`,`person1`,`person2`,`points`) VALUES ("egestas lacinia. Sed",28,31,13);
INSERT INTO `Team` (`name`,`person1`,`person2`,`points`) VALUES ("eget metus. In",47,38,1);
INSERT INTO `Team` (`name`,`person1`,`person2`,`points`) VALUES ("tempus eu, ligula. Aenean",12,33,14);
INSERT INTO `Team` (`name`,`person1`,`person2`,`points`) VALUES ("tellus. Suspendisse",28,37,8);
INSERT INTO `Team` (`name`,`person1`,`person2`,`points`) VALUES ("nisl. Nulla eu",8,5,4);
INSERT INTO `Team` (`name`,`person1`,`person2`,`points`) VALUES ("malesuada id, erat.",11,21,5);
INSERT INTO `Team` (`name`,`person1`,`person2`,`points`) VALUES ("nunc. Quisque ornare tortor",43,8,14);
INSERT INTO `Team` (`name`,`person1`,`person2`,`points`) VALUES ("auctor vitae,",27,33,7);
INSERT INTO `Team` (`name`,`person1`,`person2`,`points`) VALUES ("nec metus facilisis",29,12,10);
INSERT INTO `Team` (`name`,`person1`,`person2`,`points`) VALUES ("aliquam, enim nec",5,34,8);
INSERT INTO `Team` (`name`,`person1`,`person2`,`points`) VALUES ("dictum eu, placerat eget,",18,17,3);
INSERT INTO `Team` (`name`,`person1`,`person2`,`points`) VALUES ("mauris",21,8,2);
INSERT INTO `Team` (`name`,`person1`,`person2`,`points`) VALUES ("tellus. Phasellus",12,5,1);
INSERT INTO `Team` (`name`,`person1`,`person2`,`points`) VALUES ("Etiam ligula tortor, dictum",46,16,14);
INSERT INTO `Team` (`name`,`person1`,`person2`,`points`) VALUES ("neque",30,36,13);
INSERT INTO `Team` (`name`,`person1`,`person2`,`points`) VALUES ("ligula. Nullam",5,27,7);
INSERT INTO `Team` (`name`,`person1`,`person2`,`points`) VALUES ("non",12,8,8);
INSERT INTO `Team` (`name`,`person1`,`person2`,`points`) VALUES ("euismod est",35,36,13);
INSERT INTO `Team` (`name`,`person1`,`person2`,`points`) VALUES ("rhoncus. Proin nisl sem,",46,22,13);
INSERT INTO `Team` (`name`,`person1`,`person2`,`points`) VALUES ("nunc id enim. Curabitur",7,48,15);
INSERT INTO `Team` (`name`,`person1`,`person2`,`points`) VALUES ("enim, condimentum",5,41,2);
INSERT INTO `Team` (`name`,`person1`,`person2`,`points`) VALUES ("nisl",33,23,12);
INSERT INTO `Team` (`name`,`person1`,`person2`,`points`) VALUES ("leo.",12,3,4);
INSERT INTO `Team` (`name`,`person1`,`person2`,`points`) VALUES ("Nunc laoreet lectus quis",40,35,14);
INSERT INTO `Team` (`name`,`person1`,`person2`,`points`) VALUES ("consectetuer",10,34,4);
INSERT INTO `Team` (`name`,`person1`,`person2`,`points`) VALUES ("ligula tortor, dictum",50,14,1);
INSERT INTO `Team` (`name`,`person1`,`person2`,`points`) VALUES ("ac tellus.",43,24,9);
INSERT INTO `Team` (`name`,`person1`,`person2`,`points`) VALUES ("Integer aliquam",43,46,12);
INSERT INTO `Team` (`name`,`person1`,`person2`,`points`) VALUES ("consectetuer adipiscing elit.",35,29,15);
INSERT INTO `Team` (`name`,`person1`,`person2`,`points`) VALUES ("eget, venenatis",4,31,7);
INSERT INTO `Team` (`name`,`person1`,`person2`,`points`) VALUES ("rutrum urna, nec",3,40,2);
INSERT INTO `Team` (`name`,`person1`,`person2`,`points`) VALUES ("ultrices",35,29,5);
INSERT INTO `Team` (`name`,`person1`,`person2`,`points`) VALUES ("eu sem.",3,40,10);
INSERT INTO `Team` (`name`,`person1`,`person2`,`points`) VALUES ("eu",44,50,8);
INSERT INTO `Team` (`name`,`person1`,`person2`,`points`) VALUES ("dui lectus rutrum urna,",40,22,6);
INSERT INTO `Team` (`name`,`person1`,`person2`,`points`) VALUES ("Curabitur vel",38,20,5);
INSERT INTO `Team` (`name`,`person1`,`person2`,`points`) VALUES ("In at pede. Cras",33,33,6);
INSERT INTO `Team` (`name`,`person1`,`person2`,`points`) VALUES ("aptent taciti",20,48,5);
INSERT INTO `Team` (`name`,`person1`,`person2`,`points`) VALUES ("velit. Pellentesque ultricies dignissim",31,19,14);
INSERT INTO `Team` (`name`,`person1`,`person2`,`points`) VALUES ("facilisis eget, ipsum. Donec",11,19,8);
INSERT INTO `Team` (`name`,`person1`,`person2`,`points`) VALUES ("ac facilisis facilisis, magna",9,4,0);
INSERT INTO `Team` (`name`,`person1`,`person2`,`points`) VALUES ("euismod",40,11,7);
INSERT INTO `Team` (`name`,`person1`,`person2`,`points`) VALUES ("egestas lacinia. Sed",8,17,2);
INSERT INTO `Team` (`name`,`person1`,`person2`,`points`) VALUES ("nec",2,16,2);
INSERT INTO `Team` (`name`,`person1`,`person2`,`points`) VALUES ("in lobortis tellus",37,13,4);
INSERT INTO `Team` (`name`,`person1`,`person2`,`points`) VALUES ("justo. Praesent luctus. Curabitur",29,12,8);
INSERT INTO `Team` (`name`,`person1`,`person2`,`points`) VALUES ("risus. Donec nibh",3,16,5);
INSERT INTO `Team` (`name`,`person1`,`person2`,`points`) VALUES ("consequat enim diam",30,19,8);
INSERT INTO `Team` (`name`,`person1`,`person2`,`points`) VALUES ("sollicitudin",23,42,13);
INSERT INTO `Team` (`name`,`person1`,`person2`,`points`) VALUES ("lectus. Nullam suscipit,",2,6,15);
INSERT INTO `Team` (`name`,`person1`,`person2`,`points`) VALUES ("auctor velit.",46,44,10);
INSERT INTO `Team` (`name`,`person1`,`person2`,`points`) VALUES ("amet diam eu",17,4,1);
INSERT INTO `Team` (`name`,`person1`,`person2`,`points`) VALUES ("vel lectus. Cum sociis",43,17,1);
INSERT INTO `Team` (`name`,`person1`,`person2`,`points`) VALUES ("dictum augue malesuada malesuada.",29,39,14);
INSERT INTO `Team` (`name`,`person1`,`person2`,`points`) VALUES ("mi pede,",8,9,6);
INSERT INTO `Team` (`name`,`person1`,`person2`,`points`) VALUES ("congue, elit sed consequat",6,37,10);
INSERT INTO `Team` (`name`,`person1`,`person2`,`points`) VALUES ("eleifend non,",16,38,11);
INSERT INTO `Team` (`name`,`person1`,`person2`,`points`) VALUES ("non enim. Mauris quis",13,29,13);
INSERT INTO `Team` (`name`,`person1`,`person2`,`points`) VALUES ("magnis dis",21,8,2);
INSERT INTO `Team` (`name`,`person1`,`person2`,`points`) VALUES ("Fusce",20,47,0);
INSERT INTO `Team` (`name`,`person1`,`person2`,`points`) VALUES ("Nam",23,25,5);
INSERT INTO `Team` (`name`,`person1`,`person2`,`points`) VALUES ("velit",27,31,13);
INSERT INTO `Team` (`name`,`person1`,`person2`,`points`) VALUES ("habitant morbi tristique senectus",16,16,15);
INSERT INTO `Team` (`name`,`person1`,`person2`,`points`) VALUES ("non leo. Vivamus nibh",29,6,12);
INSERT INTO `Team` (`name`,`person1`,`person2`,`points`) VALUES ("lobortis",43,1,3);
INSERT INTO `Team` (`name`,`person1`,`person2`,`points`) VALUES ("Nam ac nulla. In",30,27,12);
INSERT INTO `Team` (`name`,`person1`,`person2`,`points`) VALUES ("ac nulla. In",3,25,1);
INSERT INTO `Team` (`name`,`person1`,`person2`,`points`) VALUES ("ultrices",20,32,3);
INSERT INTO `Team` (`name`,`person1`,`person2`,`points`) VALUES ("Vivamus molestie dapibus",31,45,7);
INSERT INTO `Team` (`name`,`person1`,`person2`,`points`) VALUES ("laoreet, libero",44,11,3);
INSERT INTO `Team` (`name`,`person1`,`person2`,`points`) VALUES ("ipsum ac mi",39,2,13);
INSERT INTO `Team` (`name`,`person1`,`person2`,`points`) VALUES ("non massa non ante",39,26,14);
INSERT INTO `Team` (`name`,`person1`,`person2`,`points`) VALUES ("Pellentesque tincidunt tempus risus.",38,26,10);
INSERT INTO `Team` (`name`,`person1`,`person2`,`points`) VALUES ("dui quis accumsan",43,22,4);
INSERT INTO `Team` (`name`,`person1`,`person2`,`points`) VALUES ("placerat velit.",31,37,0);
INSERT INTO `Team` (`name`,`person1`,`person2`,`points`) VALUES ("faucibus",40,2,5);
INSERT INTO `Team` (`name`,`person1`,`person2`,`points`) VALUES ("tincidunt, neque",25,8,13);
INSERT INTO `Team` (`name`,`person1`,`person2`,`points`) VALUES ("feugiat metus sit",2,27,12);
INSERT INTO `Team` (`name`,`person1`,`person2`,`points`) VALUES ("rhoncus id, mollis nec,",15,40,11);
INSERT INTO `Team` (`name`,`person1`,`person2`,`points`) VALUES ("natoque penatibus",18,29,7);
INSERT INTO `Team` (`name`,`person1`,`person2`,`points`) VALUES ("nisl.",37,21,9);
INSERT INTO `Team` (`name`,`person1`,`person2`,`points`) VALUES ("est tempor bibendum. Donec",9,1,8);
INSERT INTO `Team` (`name`,`person1`,`person2`,`points`) VALUES ("Suspendisse aliquet, sem",14,27,7);
INSERT INTO `Team` (`name`,`person1`,`person2`,`points`) VALUES ("Phasellus fermentum convallis",14,41,12);

INSERT INTO `Member` (`person`,`society`,`stature`,`associateNumber`) VALUES (36,4,"BoardMember",1);
INSERT INTO `Member` (`person`,`society`,`stature`,`associateNumber`) VALUES (12,2,"CenterDirector",2);
INSERT INTO `Member` (`person`,`society`,`stature`,`associateNumber`) VALUES (12,5,"CenterDirector",3);
INSERT INTO `Member` (`person`,`society`,`stature`,`associateNumber`) VALUES (28,1,"SubDirector",4);
INSERT INTO `Member` (`person`,`society`,`stature`,`associateNumber`) VALUES (20,5,"Director",5);
INSERT INTO `Member` (`person`,`society`,`stature`,`associateNumber`) VALUES (12,2,"Director",6);
INSERT INTO `Member` (`person`,`society`,`stature`,`associateNumber`) VALUES (18,2,"BoardMember",7);
INSERT INTO `Member` (`person`,`society`,`stature`,`associateNumber`) VALUES (35,3,"CenterDirector",8);
INSERT INTO `Member` (`person`,`society`,`stature`,`associateNumber`) VALUES (7,7,"CenterDirector",9);
INSERT INTO `Member` (`person`,`society`,`stature`,`associateNumber`) VALUES (29,4,"Associate",10);
INSERT INTO `Member` (`person`,`society`,`stature`,`associateNumber`) VALUES (14,5,"CenterDirector",11);
INSERT INTO `Member` (`person`,`society`,`stature`,`associateNumber`) VALUES (5,4,"Director",12);
INSERT INTO `Member` (`person`,`society`,`stature`,`associateNumber`) VALUES (30,3,"Associate",13);
INSERT INTO `Member` (`person`,`society`,`stature`,`associateNumber`) VALUES (37,7,"BoardMember",14);
INSERT INTO `Member` (`person`,`society`,`stature`,`associateNumber`) VALUES (25,6,"Treasure",15);
INSERT INTO `Member` (`person`,`society`,`stature`,`associateNumber`) VALUES (16,5,"Treasure",16);
INSERT INTO `Member` (`person`,`society`,`stature`,`associateNumber`) VALUES (16,2,"CenterDirector",17);
INSERT INTO `Member` (`person`,`society`,`stature`,`associateNumber`) VALUES (18,4,"Director",18);
INSERT INTO `Member` (`person`,`society`,`stature`,`associateNumber`) VALUES (16,5,"Director",19);
INSERT INTO `Member` (`person`,`society`,`stature`,`associateNumber`) VALUES (5,1,"Associate",20);
INSERT INTO `Member` (`person`,`society`,`stature`,`associateNumber`) VALUES (37,7,"Director",21);
INSERT INTO `Member` (`person`,`society`,`stature`,`associateNumber`) VALUES (27,9,"CenterDirector",22);
INSERT INTO `Member` (`person`,`society`,`stature`,`associateNumber`) VALUES (30,7,"SubDirector",23);
INSERT INTO `Member` (`person`,`society`,`stature`,`associateNumber`) VALUES (18,6,"Treasure",24);
INSERT INTO `Member` (`person`,`society`,`stature`,`associateNumber`) VALUES (36,8,"Associate",25);
INSERT INTO `Member` (`person`,`society`,`stature`,`associateNumber`) VALUES (14,2,"Director",26);
INSERT INTO `Member` (`person`,`society`,`stature`,`associateNumber`) VALUES (33,9,"BoardMember",27);
INSERT INTO `Member` (`person`,`society`,`stature`,`associateNumber`) VALUES (8,7,"SubDirector",28);
INSERT INTO `Member` (`person`,`society`,`stature`,`associateNumber`) VALUES (17,6,"Treasure",29);
INSERT INTO `Member` (`person`,`society`,`stature`,`associateNumber`) VALUES (12,9,"BoardMember",30);
INSERT INTO `Member` (`person`,`society`,`stature`,`associateNumber`) VALUES (30,8,"Director",31);
INSERT INTO `Member` (`person`,`society`,`stature`,`associateNumber`) VALUES (37,4,"CenterDirector",32);
INSERT INTO `Member` (`person`,`society`,`stature`,`associateNumber`) VALUES (37,8,"Treasure",33);
INSERT INTO `Member` (`person`,`society`,`stature`,`associateNumber`) VALUES (5,4,"Associate",34);
INSERT INTO `Member` (`person`,`society`,`stature`,`associateNumber`) VALUES (19,2,"Associate",35);
INSERT INTO `Member` (`person`,`society`,`stature`,`associateNumber`) VALUES (17,9,"BoardMember",36);
INSERT INTO `Member` (`person`,`society`,`stature`,`associateNumber`) VALUES (33,6,"Treasure",37);
INSERT INTO `Member` (`person`,`society`,`stature`,`associateNumber`) VALUES (29,6,"Treasure",38);

INSERT INTO `Debate` (`location`,`date`,`time`) VALUES ("795-5054 Ante Rd.","02-02-14","1539198721");
INSERT INTO `Debate` (`location`,`date`,`time`) VALUES ("P.O. Box 940, 2551 Vivamus Rd.","01-11-14","1533110854");
INSERT INTO `Debate` (`location`,`date`,`time`) VALUES ("Ap #193-8526 Neque Av.","04-27-14","1543319039");
INSERT INTO `Debate` (`location`,`date`,`time`) VALUES ("P.O. Box 917, 5352 Dui, Avenue","08-11-14","1540830203");
INSERT INTO `Debate` (`location`,`date`,`time`) VALUES ("P.O. Box 881, 9871 Risus. Ave","11-09-16","1538655999");
INSERT INTO `Debate` (`location`,`date`,`time`) VALUES ("119-7294 Suspendisse Avenue","06-15-17","1567292619");
INSERT INTO `Debate` (`location`,`date`,`time`) VALUES ("P.O. Box 306, 4669 Elit Street","07-30-17","1545294119");
INSERT INTO `Debate` (`location`,`date`,`time`) VALUES ("2104 Magna. Avenue","01-12-18","1534551752");
INSERT INTO `Debate` (`location`,`date`,`time`) VALUES ("514-5519 Adipiscing Ave","06-29-16","1577017447");
INSERT INTO `Debate` (`location`,`date`,`time`) VALUES ("P.O. Box 192, 3236 Dis Rd.","05-23-17","1580707629");
INSERT INTO `Debate` (`location`,`date`,`time`) VALUES ("305-2901 Semper Rd.","12-19-15","1569837690");
INSERT INTO `Debate` (`location`,`date`,`time`) VALUES ("P.O. Box 809, 5303 Consequat Ave","10-11-17","1535431907");
INSERT INTO `Debate` (`location`,`date`,`time`) VALUES ("521-5121 Enim, St.","03-12-17","1570224955");
INSERT INTO `Debate` (`location`,`date`,`time`) VALUES ("Ap #957-3028 Fusce St.","08-23-18","1576467785");
INSERT INTO `Debate` (`location`,`date`,`time`) VALUES ("Ap #269-3436 Dui. St.","01-17-19","1545980418");
INSERT INTO `Debate` (`location`,`date`,`time`) VALUES ("Ap #898-6866 Id, Rd.","08-30-16","1579560530");
INSERT INTO `Debate` (`location`,`date`,`time`) VALUES ("341-1950 Est St.","06-20-17","1540021897");
INSERT INTO `Debate` (`location`,`date`,`time`) VALUES ("2954 In Avenue","11-29-16","1540971392");
INSERT INTO `Debate` (`location`,`date`,`time`) VALUES ("818-4671 Fringilla Av.","04-24-14","1541139265");
INSERT INTO `Debate` (`location`,`date`,`time`) VALUES ("P.O. Box 625, 6986 Mi. Rd.","02-01-17","1530330403");
INSERT INTO `Debate` (`location`,`date`,`time`) VALUES ("4585 Arcu Av.","10-05-15","1579069446");
INSERT INTO `Debate` (`location`,`date`,`time`) VALUES ("560-7047 A, Rd.","05-02-18","1544558825");
INSERT INTO `Debate` (`location`,`date`,`time`) VALUES ("P.O. Box 360, 5092 Risus Ave","06-12-16","1561595808");
INSERT INTO `Debate` (`location`,`date`,`time`) VALUES ("P.O. Box 502, 6817 Bibendum Av.","06-03-15","1529942048");
INSERT INTO `Debate` (`location`,`date`,`time`) VALUES ("1863 Nisi Ave","06-04-14","1575238122");
INSERT INTO `Debate` (`location`,`date`,`time`) VALUES ("Ap #214-5005 Cras Rd.","10-10-16","1541126559");
INSERT INTO `Debate` (`location`,`date`,`time`) VALUES ("1603 Ipsum Road","11-01-18","1559408802");
INSERT INTO `Debate` (`location`,`date`,`time`) VALUES ("469-2596 Pede. St.","06-06-16","1540540096");
INSERT INTO `Debate` (`location`,`date`,`time`) VALUES ("Ap #617-9894 Pede. Street","02-16-17","1577676476");
INSERT INTO `Debate` (`location`,`date`,`time`) VALUES ("P.O. Box 470, 612 Libero. St.","03-01-16","1530789850");
INSERT INTO `Debate` (`location`,`date`,`time`) VALUES ("881-9424 Tincidunt Avenue","09-20-15","1537745097");
INSERT INTO `Debate` (`location`,`date`,`time`) VALUES ("162-6955 Sed, Avenue","01-09-19","1581182664");
INSERT INTO `Debate` (`location`,`date`,`time`) VALUES ("Ap #210-7086 Sed Avenue","03-20-19","1563606373");
INSERT INTO `Debate` (`location`,`date`,`time`) VALUES ("674-6397 Aliquam Rd.","12-20-14","1564727122");
INSERT INTO `Debate` (`location`,`date`,`time`) VALUES ("874-5818 Dignissim Av.","09-17-14","1584398275");
INSERT INTO `Debate` (`location`,`date`,`time`) VALUES ("8045 Ligula St.","09-28-18","1569913810");
INSERT INTO `Debate` (`location`,`date`,`time`) VALUES ("Ap #861-2639 Nec Ave","06-18-16","1570978972");
INSERT INTO `Debate` (`location`,`date`,`time`) VALUES ("Ap #591-6811 Non, St.","12-25-15","1553314843");
INSERT INTO `Debate` (`location`,`date`,`time`) VALUES ("P.O. Box 223, 172 Vitae St.","08-12-18","1526141414");
INSERT INTO `Debate` (`location`,`date`,`time`) VALUES ("865-5835 Dis Road","02-07-16","1582065052");
INSERT INTO `Debate` (`location`,`date`,`time`) VALUES ("7393 Adipiscing Rd.","06-15-16","1527826525");
INSERT INTO `Debate` (`location`,`date`,`time`) VALUES ("313-1766 Ac Street","09-22-17","1570306880");
INSERT INTO `Debate` (`location`,`date`,`time`) VALUES ("P.O. Box 862, 5987 Nec, Avenue","05-17-14","1544634902");
INSERT INTO `Debate` (`location`,`date`,`time`) VALUES ("Ap #765-213 Ante St.","07-02-17","1525393377");
INSERT INTO `Debate` (`location`,`date`,`time`) VALUES ("Ap #563-3739 Egestas. Av.","02-07-15","1536010012");
INSERT INTO `Debate` (`location`,`date`,`time`) VALUES ("Ap #421-6086 Malesuada Ave","09-23-18","1554142437");
INSERT INTO `Debate` (`location`,`date`,`time`) VALUES ("Ap #173-2818 A St.","05-16-18","1524824963");
INSERT INTO `Debate` (`location`,`date`,`time`) VALUES ("117-8420 Vitae Ave","08-15-16","1538740820");
INSERT INTO `Debate` (`location`,`date`,`time`) VALUES ("6338 Suspendisse Avenue","11-25-15","1532968154");
INSERT INTO `Debate` (`location`,`date`,`time`) VALUES ("P.O. Box 114, 9129 Vivamus St.","08-22-16","1574541819");
INSERT INTO `Debate` (`location`,`date`,`time`) VALUES ("208-6937 Eu St.","06-08-16","1560891503");
INSERT INTO `Debate` (`location`,`date`,`time`) VALUES ("757-4602 Lacus. Rd.","09-28-14","1542162994");
INSERT INTO `Debate` (`location`,`date`,`time`) VALUES ("888-4405 Sollicitudin St.","03-04-14","1564839118");
INSERT INTO `Debate` (`location`,`date`,`time`) VALUES ("Ap #165-547 Non, Av.","04-22-17","1547965491");
INSERT INTO `Debate` (`location`,`date`,`time`) VALUES ("379-9275 Cursus Road","01-29-19","1563417068");
INSERT INTO `Debate` (`location`,`date`,`time`) VALUES ("P.O. Box 643, 4932 Lorem, St.","12-18-17","1541825100");
INSERT INTO `Debate` (`location`,`date`,`time`) VALUES ("721-4590 Proin St.","07-01-16","1538590935");
INSERT INTO `Debate` (`location`,`date`,`time`) VALUES ("P.O. Box 672, 1409 Ac Rd.","01-24-14","1530257360");
INSERT INTO `Debate` (`location`,`date`,`time`) VALUES ("Ap #773-2785 Pellentesque Av.","11-18-14","1554368042");
INSERT INTO `Debate` (`location`,`date`,`time`) VALUES ("483-6113 Cursus. Road","07-09-17","1571771145");
INSERT INTO `Debate` (`location`,`date`,`time`) VALUES ("8905 Ut, St.","07-22-15","1535623050");
INSERT INTO `Debate` (`location`,`date`,`time`) VALUES ("7306 Eu, Road","10-10-15","1577140503");
INSERT INTO `Debate` (`location`,`date`,`time`) VALUES ("Ap #391-856 Proin St.","10-15-14","1549070537");
INSERT INTO `Debate` (`location`,`date`,`time`) VALUES ("P.O. Box 189, 4432 Dolor Av.","01-21-16","1529379432");
INSERT INTO `Debate` (`location`,`date`,`time`) VALUES ("P.O. Box 843, 9627 Imperdiet, Av.","02-27-17","1541875161");
INSERT INTO `Debate` (`location`,`date`,`time`) VALUES ("Ap #152-3436 Amet, Av.","12-14-16","1584608209");
INSERT INTO `Debate` (`location`,`date`,`time`) VALUES ("Ap #642-9737 Enim, Rd.","02-14-19","1576080238");
INSERT INTO `Debate` (`location`,`date`,`time`) VALUES ("P.O. Box 190, 5320 Tempus Avenue","02-19-17","1570300401");
INSERT INTO `Debate` (`location`,`date`,`time`) VALUES ("P.O. Box 416, 1890 At St.","04-06-14","1565114073");
INSERT INTO `Debate` (`location`,`date`,`time`) VALUES ("P.O. Box 649, 8169 Rutrum Street","06-06-18","1563869354");
INSERT INTO `Debate` (`location`,`date`,`time`) VALUES ("P.O. Box 576, 150 Mollis. St.","02-07-19","1571032292");
INSERT INTO `Debate` (`location`,`date`,`time`) VALUES ("3879 Lorem Street","05-30-17","1567190951");
INSERT INTO `Debate` (`location`,`date`,`time`) VALUES ("1270 Lectus Road","08-06-18","1580187678");
INSERT INTO `Debate` (`location`,`date`,`time`) VALUES ("P.O. Box 980, 6833 Ac Av.","01-20-18","1556348492");
INSERT INTO `Debate` (`location`,`date`,`time`) VALUES ("774-1448 In, St.","12-25-15","1571145722");
INSERT INTO `Debate` (`location`,`date`,`time`) VALUES ("P.O. Box 355, 5923 Aliquam Ave","06-11-14","1570885744");
INSERT INTO `Debate` (`location`,`date`,`time`) VALUES ("826-8199 Sed Ave","11-23-15","1584413365");
INSERT INTO `Debate` (`location`,`date`,`time`) VALUES ("6993 Vitae Rd.","04-20-15","1578573040");
INSERT INTO `Debate` (`location`,`date`,`time`) VALUES ("735-9828 Maecenas Road","07-02-17","1526193673");
INSERT INTO `Debate` (`location`,`date`,`time`) VALUES ("115-2662 Augue St.","07-16-16","1576023021");
INSERT INTO `Debate` (`location`,`date`,`time`) VALUES ("P.O. Box 147, 9218 Amet, Ave","08-28-17","1580609552");
INSERT INTO `Debate` (`location`,`date`,`time`) VALUES ("P.O. Box 973, 1031 Donec Rd.","09-11-17","1567361785");
INSERT INTO `Debate` (`location`,`date`,`time`) VALUES ("P.O. Box 158, 264 Euismod Avenue","01-05-15","1543072895");
INSERT INTO `Debate` (`location`,`date`,`time`) VALUES ("3827 Aliquam Av.","01-19-17","1541298132");
INSERT INTO `Debate` (`location`,`date`,`time`) VALUES ("P.O. Box 312, 8493 Non Rd.","10-27-15","1547807795");
INSERT INTO `Debate` (`location`,`date`,`time`) VALUES ("628-2866 Velit Rd.","04-06-17","1564130732");
INSERT INTO `Debate` (`location`,`date`,`time`) VALUES ("Ap #682-1323 In Ave","11-18-14","1556770540");
INSERT INTO `Debate` (`location`,`date`,`time`) VALUES ("P.O. Box 126, 8623 Vestibulum Av.","01-07-15","1582045303");
INSERT INTO `Debate` (`location`,`date`,`time`) VALUES ("2682 Gravida St.","09-29-15","1561015414");
INSERT INTO `Debate` (`location`,`date`,`time`) VALUES ("P.O. Box 570, 7181 Odio, Street","07-17-17","1528779009");
INSERT INTO `Debate` (`location`,`date`,`time`) VALUES ("P.O. Box 595, 2620 Tempus Rd.","08-04-17","1565871236");
INSERT INTO `Debate` (`location`,`date`,`time`) VALUES ("Ap #636-3654 Est Rd.","09-14-18","1563378168");
INSERT INTO `Debate` (`location`,`date`,`time`) VALUES ("791-1164 Lorem Rd.","06-09-16","1537275941");
INSERT INTO `Debate` (`location`,`date`,`time`) VALUES ("P.O. Box 846, 5024 Sapien. Ave","11-11-14","1530861922");
INSERT INTO `Debate` (`location`,`date`,`time`) VALUES ("P.O. Box 709, 5112 Ut Rd.","03-02-14","1539740648");
INSERT INTO `Debate` (`location`,`date`,`time`) VALUES ("Ap #495-7380 Fusce Road","07-09-16","1525620215");
INSERT INTO `Debate` (`location`,`date`,`time`) VALUES ("Ap #903-3799 Eu St.","02-07-14","1541866851");
INSERT INTO `Debate` (`location`,`date`,`time`) VALUES ("Ap #973-3682 Nunc Ave","05-03-18","1566793179");
INSERT INTO `Debate` (`location`,`date`,`time`) VALUES ("Ap #492-4259 Quam. Road","02-05-15","1559863240");
INSERT INTO `Debate` (`location`,`date`,`time`) VALUES ("6212 Non, Road","06-25-18","1535356561");



INSERT INTO `Adjudicator` (`person`,`debate`) VALUES (25,"1");
INSERT INTO `Adjudicator` (`person`,`debate`) VALUES (11,"1");
INSERT INTO `Adjudicator` (`person`,`debate`) VALUES (36,"2");
INSERT INTO `Adjudicator` (`person`,`debate`) VALUES (10,"2");
INSERT INTO `Adjudicator` (`person`,`debate`) VALUES (6,"3");
INSERT INTO `Adjudicator` (`person`,`debate`) VALUES (2,"3");
INSERT INTO `Adjudicator` (`person`,`debate`) VALUES (28,"4");
INSERT INTO `Adjudicator` (`person`,`debate`) VALUES (32,"4");
INSERT INTO `Adjudicator` (`person`,`debate`) VALUES (19,"5");
INSERT INTO `Adjudicator` (`person`,`debate`) VALUES (20,"5");
INSERT INTO `Adjudicator` (`person`,`debate`) VALUES (44,"6");
INSERT INTO `Adjudicator` (`person`,`debate`) VALUES (11,"6");
INSERT INTO `Adjudicator` (`person`,`debate`) VALUES (7,"7");
INSERT INTO `Adjudicator` (`person`,`debate`) VALUES (10,"7");
INSERT INTO `Adjudicator` (`person`,`debate`) VALUES (40,"8");
INSERT INTO `Adjudicator` (`person`,`debate`) VALUES (38,"8");
INSERT INTO `Adjudicator` (`person`,`debate`) VALUES (33,"9");
INSERT INTO `Adjudicator` (`person`,`debate`) VALUES (21,"9");
INSERT INTO `Adjudicator` (`person`,`debate`) VALUES (22,"10");
INSERT INTO `Adjudicator` (`person`,`debate`) VALUES (10,"10");
INSERT INTO `Adjudicator` (`person`,`debate`) VALUES (24,"11");
INSERT INTO `Adjudicator` (`person`,`debate`) VALUES (49,"11");
INSERT INTO `Adjudicator` (`person`,`debate`) VALUES (20,"12");
INSERT INTO `Adjudicator` (`person`,`debate`) VALUES (8,"12");
INSERT INTO `Adjudicator` (`person`,`debate`) VALUES (7,"13");
INSERT INTO `Adjudicator` (`person`,`debate`) VALUES (17,"13");
INSERT INTO `Adjudicator` (`person`,`debate`) VALUES (21,"25");
INSERT INTO `Adjudicator` (`person`,`debate`) VALUES (29,"25");
INSERT INTO `Adjudicator` (`person`,`debate`) VALUES (11,"25");
INSERT INTO `Adjudicator` (`person`,`debate`) VALUES (47,"26");
INSERT INTO `Adjudicator` (`person`,`debate`) VALUES (5,"26");
INSERT INTO `Adjudicator` (`person`,`debate`) VALUES (30,"26");
INSERT INTO `Adjudicator` (`person`,`debate`) VALUES (45,"27");
INSERT INTO `Adjudicator` (`person`,`debate`) VALUES (44,"27");
INSERT INTO `Adjudicator` (`person`,`debate`) VALUES (8,"27");
INSERT INTO `Adjudicator` (`person`,`debate`) VALUES (13,"28");
INSERT INTO `Adjudicator` (`person`,`debate`) VALUES (31,"28");
INSERT INTO `Adjudicator` (`person`,`debate`) VALUES (46,"28");
INSERT INTO `Adjudicator` (`person`,`debate`) VALUES (14,"29");
INSERT INTO `Adjudicator` (`person`,`debate`) VALUES (25,"29");
INSERT INTO `Adjudicator` (`person`,`debate`) VALUES (41,"29");
INSERT INTO `Adjudicator` (`person`,`debate`) VALUES (27,"30");
INSERT INTO `Adjudicator` (`person`,`debate`) VALUES (48,"30");
INSERT INTO `Adjudicator` (`person`,`debate`) VALUES (39,"30");
INSERT INTO `Adjudicator` (`person`,`debate`) VALUES (46,"31");
INSERT INTO `Adjudicator` (`person`,`debate`) VALUES (14,"31");
INSERT INTO `Adjudicator` (`person`,`debate`) VALUES (19,"31");
INSERT INTO `Adjudicator` (`person`,`debate`) VALUES (29,"32");
INSERT INTO `Adjudicator` (`person`,`debate`) VALUES (19,"32");
INSERT INTO `Adjudicator` (`person`,`debate`) VALUES (13,"32");
INSERT INTO `Adjudicator` (`person`,`debate`) VALUES (30,"33");
INSERT INTO `Adjudicator` (`person`,`debate`) VALUES (39,"33");
INSERT INTO `Adjudicator` (`person`,`debate`) VALUES (11,"50");
INSERT INTO `Adjudicator` (`person`,`debate`) VALUES (4,"50");
INSERT INTO `Adjudicator` (`person`,`debate`) VALUES (9,"50");
INSERT INTO `Adjudicator` (`person`,`debate`) VALUES (47,"50");
INSERT INTO `Adjudicator` (`person`,`debate`) VALUES (13,"51");
INSERT INTO `Adjudicator` (`person`,`debate`) VALUES (19,"51");
INSERT INTO `Adjudicator` (`person`,`debate`) VALUES (2,"51");
INSERT INTO `Adjudicator` (`person`,`debate`) VALUES (29,"51");
INSERT INTO `Adjudicator` (`person`,`debate`) VALUES (38,"52");
INSERT INTO `Adjudicator` (`person`,`debate`) VALUES (48,"52");
INSERT INTO `Adjudicator` (`person`,`debate`) VALUES (4,"52");
INSERT INTO `Adjudicator` (`person`,`debate`) VALUES (12,"52");
INSERT INTO `Adjudicator` (`person`,`debate`) VALUES (34,"53");
INSERT INTO `Adjudicator` (`person`,`debate`) VALUES (12,"53");
INSERT INTO `Adjudicator` (`person`,`debate`) VALUES (33,"53");
INSERT INTO `Adjudicator` (`person`,`debate`) VALUES (26,"53");
INSERT INTO `Adjudicator` (`person`,`debate`) VALUES (7,"54");
INSERT INTO `Adjudicator` (`person`,`debate`) VALUES (8,"54");
INSERT INTO `Adjudicator` (`person`,`debate`) VALUES (39,"54");
INSERT INTO `Adjudicator` (`person`,`debate`) VALUES (50,"54");
INSERT INTO `Adjudicator` (`person`,`debate`) VALUES (23,"55");
INSERT INTO `Adjudicator` (`person`,`debate`) VALUES (41,"55");
INSERT INTO `Adjudicator` (`person`,`debate`) VALUES (46,"55");
INSERT INTO `Adjudicator` (`person`,`debate`) VALUES (49,"55");
INSERT INTO `Adjudicator` (`person`,`debate`) VALUES (28,"56");
INSERT INTO `Adjudicator` (`person`,`debate`) VALUES (38,"56");


INSERT INTO `WeeklyDebate` (`motion`,`debate`,`infoSlide`) VALUES ("This House Morbi non sapien molestie",1,"");
INSERT INTO `WeeklyDebate` (`motion`,`debate`,`infoSlide`) VALUES ("This House pellentesque massa lobortis ultrices. Vivamus rhoncus. Donec est. Nunc ullamcorper,",2,"");
INSERT INTO `WeeklyDebate` (`motion`,`debate`,`infoSlide`) VALUES ("This House Aenean egestas hendrerit neque. In ornare sagittis felis. Donec tempor,",3,"diam");
INSERT INTO `WeeklyDebate` (`motion`,`debate`,`infoSlide`) VALUES ("This House rutrum. Fusce dolor",4,"urna");
INSERT INTO `WeeklyDebate` (`motion`,`debate`,`infoSlide`) VALUES ("This House Cum sociis natoque",5,"Integer");
INSERT INTO `WeeklyDebate` (`motion`,`debate`,`infoSlide`) VALUES ("This House Integer vitae nibh. Donec est mauris, rhoncus",6,"non, dapibus");
INSERT INTO `WeeklyDebate` (`motion`,`debate`,`infoSlide`) VALUES ("This House a felis ullamcorper viverra. Maecenas iaculis",7,"ac mattis velit");
INSERT INTO `WeeklyDebate` (`motion`,`debate`,`infoSlide`) VALUES ("This House vestibulum lorem, sit",8,"lacus. Cras interdum. Nunc");
INSERT INTO `WeeklyDebate` (`motion`,`debate`,`infoSlide`) VALUES ("This House eu metus. In lorem. Donec elementum,",9,"Donec est");
INSERT INTO `WeeklyDebate` (`motion`,`debate`,`infoSlide`) VALUES ("This House vitae mauris sit amet lorem semper",10,"mattis. Cras eget");
INSERT INTO `WeeklyDebate` (`motion`,`debate`,`infoSlide`) VALUES ("This House ipsum non arcu.",11,"ante dictum cursus.");
INSERT INTO `WeeklyDebate` (`motion`,`debate`,`infoSlide`) VALUES ("This House sit amet risus. Donec egestas. Aliquam nec enim.",12,"Donec fringilla.");
INSERT INTO `WeeklyDebate` (`motion`,`debate`,`infoSlide`) VALUES ("This House diam vel arcu.",13,"erat. Sed nunc est,");
INSERT INTO `WeeklyDebate` (`motion`,`debate`,`infoSlide`) VALUES ("This House egestas blandit. Nam nulla",14,"lectus");
INSERT INTO `WeeklyDebate` (`motion`,`debate`,`infoSlide`) VALUES ("This House erat vel pede blandit congue. In scelerisque scelerisque dui. Suspendisse",15,"turpis. Nulla aliquet.");
INSERT INTO `WeeklyDebate` (`motion`,`debate`,`infoSlide`) VALUES ("This House velit. Pellentesque ultricies dignissim lacus. Aliquam rutrum",16,"molestie tortor nibh");
INSERT INTO `WeeklyDebate` (`motion`,`debate`,`infoSlide`) VALUES ("This House vitae, sodales at, velit. Pellentesque",17,"Donec tincidunt. Donec vitae");
INSERT INTO `WeeklyDebate` (`motion`,`debate`,`infoSlide`) VALUES ("This House Donec fringilla. Donec feugiat metus sit amet ante. Vivamus non",18,"leo, in");
INSERT INTO `WeeklyDebate` (`motion`,`debate`,`infoSlide`) VALUES ("This House vulputate ullamcorper magna. Sed eu eros. Nam consequat dolor vitae",19,"");
INSERT INTO `WeeklyDebate` (`motion`,`debate`,`infoSlide`) VALUES ("This House felis, adipiscing fringilla, porttitor vulputate, posuere vulputate, lacus. Cras interdum.",20,"Donec sollicitudin adipiscing ligula.");
INSERT INTO `WeeklyDebate` (`motion`,`debate`,`infoSlide`) VALUES ("This House commodo tincidunt nibh. Phasellus nulla.",21,"quis");
INSERT INTO `WeeklyDebate` (`motion`,`debate`,`infoSlide`) VALUES ("This House suscipit nonummy. Fusce fermentum fermentum arcu. Vestibulum ante",22,"non,");
INSERT INTO `WeeklyDebate` (`motion`,`debate`,`infoSlide`) VALUES ("This House metus. In nec orci.",23,"fringilla");
INSERT INTO `WeeklyDebate` (`motion`,`debate`,`infoSlide`) VALUES ("This House ante ipsum primis in faucibus orci luctus et ultrices",24,"Quisque ornare tortor");
INSERT INTO `WeeklyDebate` (`motion`,`debate`,`infoSlide`) VALUES ("This House Nam nulla magna, malesuada vel, convallis",25,"ridiculus");
INSERT INTO `WeeklyDebate` (`motion`,`debate`,`infoSlide`) VALUES ("This House eget, venenatis a, magna. Lorem ipsum dolor sit",26,"dui, nec tempus");
INSERT INTO `WeeklyDebate` (`motion`,`debate`,`infoSlide`) VALUES ("This House eget, volutpat ornare,",27,"arcu. Aliquam");
INSERT INTO `WeeklyDebate` (`motion`,`debate`,`infoSlide`) VALUES ("This House dolor. Donec fringilla. Donec",28,"libero. Morbi");
INSERT INTO `WeeklyDebate` (`motion`,`debate`,`infoSlide`) VALUES ("This House vehicula. Pellentesque tincidunt",29,"");
INSERT INTO `WeeklyDebate` (`motion`,`debate`,`infoSlide`) VALUES ("This House tincidunt adipiscing. Mauris",30,"rhoncus. Donec est. Nunc");
INSERT INTO `WeeklyDebate` (`motion`,`debate`,`infoSlide`) VALUES ("This House iaculis nec, eleifend",31,"sit amet metus. Aliquam");



INSERT INTO `Tournament` (`name`,`official`,`society`) VALUES ("Tornadu",1,5);
INSERT INTO `Tournament` (`name`,`official`,`society`) VALUES ("Open Coimbra",0,6);
INSERT INTO `Tournament` (`name`,`official`,`society`) VALUES ("Distrital do Porto",1,7);


INSERT INTO `Round` (`motion`,`infoSlide`,`tournament`,`name`) VALUES ("This House mollis. Phasellus libero","Cum","1","R1");
INSERT INTO `Round` (`motion`,`infoSlide`,`tournament`,`name`) VALUES ("This House blandit congue. In scelerisque scelerisque dui. Suspendisse","Sed","1","R2");
INSERT INTO `Round` (`motion`,`infoSlide`,`tournament`,`name`) VALUES ("This House a purus. Duis elementum,","in faucibus","1","R3");
INSERT INTO `Round` (`motion`,`infoSlide`,`tournament`,`name`) VALUES ("This House mauris sagittis placerat.","vel turpis. Aliquam adipiscing","1","R4");
INSERT INTO `Round` (`motion`,`infoSlide`,`tournament`,`name`) VALUES ("This House tellus non magna. Nam ligula elit,","semper auctor. Mauris","1","R5");
INSERT INTO `Round` (`motion`,`infoSlide`,`tournament`,`name`) VALUES ("This House tellus eu augue porttitor","natoque penatibus","1","SemiFinal");
INSERT INTO `Round` (`motion`,`infoSlide`,`tournament`,`name`) VALUES ("This House Sed nec metus facilisis","et pede. Nunc sed","1","Final");
INSERT INTO `Round` (`motion`,`infoSlide`,`tournament`,`name`) VALUES ("The House mollis nec, cursus a, enim. Suspendisse","interdum. Curabitur dictum.","2","R1");
INSERT INTO `Round` (`motion`,`infoSlide`,`tournament`,`name`) VALUES ("The House interdum. Sed auctor odio","Pellentesque ultricies","2","R2");
INSERT INTO `Round` (`motion`,`infoSlide`,`tournament`,`name`) VALUES ("The House Nam tempor diam dictum sapien. Aenean massa.","fermentum","2","R3");
INSERT INTO `Round` (`motion`,`infoSlide`,`tournament`,`name`) VALUES ("The House Sed nec metus facilisis lorem tristique aliquet. Phasellus fermentum convallis","Aenean massa. Integer","2","R4");
INSERT INTO `Round` (`motion`,`infoSlide`,`tournament`,`name`) VALUES ("The House at, iaculis quis,","enim","2","R5");
INSERT INTO `Round` (`motion`,`infoSlide`,`tournament`,`name`) VALUES ("The House This House tellus eu augue porttitor","natoque penatibus","1","SemiFinal");
INSERT INTO `Round` (`motion`,`infoSlide`,`tournament`,`name`) VALUES ("The House consectetuer ipsum nunc id enim.","fermentum arcu. Vestibulum","2","SemiFinal");
INSERT INTO `Round` (`motion`,`infoSlide`,`tournament`,`name`) VALUES ("The House dapibus id, blandit at,","accumsan convallis, ante","2","Final");
INSERT INTO `Round` (`motion`,`infoSlide`,`tournament`,`name`) VALUES ("The House natoque penatibus et","nunc est, mollis non,","3","R1");
INSERT INTO `Round` (`motion`,`infoSlide`,`tournament`,`name`) VALUES ("The House neque sed sem","Nullam lobortis quam a","3","R2");
INSERT INTO `Round` (`motion`,`infoSlide`,`tournament`,`name`) VALUES ("The House cursus et, eros. Proin ultrices.","enim. Sed nulla ante,","3","R3");
INSERT INTO `Round` (`motion`,`infoSlide`,`tournament`,`name`) VALUES ("The House id, mollis nec, cursus a,","eget, volutpat ornare, facilisis","3","R4");
INSERT INTO `Round` (`motion`,`infoSlide`,`tournament`,`name`) VALUES ("The House vestibulum. Mauris magna.","ullamcorper. Duis at lacus.","3","R5");
INSERT INTO `Round` (`motion`,`infoSlide`,`tournament`,`name`) VALUES ("The House orci luctus et ultrices posuere cubilia Curae; Donec tincidunt. Donec","accumsan","3","SemiFinal");
INSERT INTO `Round` (`motion`,`infoSlide`,`tournament`,`name`) VALUES ("The House sagittis felis. Donec tempor, est ac mattis semper,","dolor","3","Final");
